# ************************************************************
# Sequel Pro SQL dump
# Version 4499
#
# http://www.sequelpro.com/
# https://github.com/sequelpro/sequelpro
#
# Host: 127.0.0.1 (MySQL 5.5.42)
# Database: DontStarveItems
# Generation Time: 2016-01-13 00:22:50 +0000
# ************************************************************


/*!40101 SET @OLD_CHARACTER_SET_CLIENT=@@CHARACTER_SET_CLIENT */;
/*!40101 SET @OLD_CHARACTER_SET_RESULTS=@@CHARACTER_SET_RESULTS */;
/*!40101 SET @OLD_COLLATION_CONNECTION=@@COLLATION_CONNECTION */;
/*!40101 SET NAMES utf8 */;
/*!40014 SET @OLD_FOREIGN_KEY_CHECKS=@@FOREIGN_KEY_CHECKS, FOREIGN_KEY_CHECKS=0 */;
/*!40101 SET @OLD_SQL_MODE=@@SQL_MODE, SQL_MODE='NO_AUTO_VALUE_ON_ZERO' */;
/*!40111 SET @OLD_SQL_NOTES=@@SQL_NOTES, SQL_NOTES=0 */;


# Dump of table craftable_items
# ------------------------------------------------------------

DROP TABLE IF EXISTS `craftable_items`;

CREATE TABLE `craftable_items` (
  `id` int(11) NOT NULL AUTO_INCREMENT,
  `itemId` int(11) unsigned DEFAULT NULL,
  `tab` int(11) unsigned NOT NULL,
  PRIMARY KEY (`id`),
  KEY `tabIndex` (`tab`),
  KEY `itemId` (`itemId`),
  CONSTRAINT `craftable_items_ibfk_3` FOREIGN KEY (`itemId`) REFERENCES `items` (`id`) ON UPDATE CASCADE,
  CONSTRAINT `craftable_items_ibfk_2` FOREIGN KEY (`tab`) REFERENCES `tabs` (`id`)
) ENGINE=InnoDB DEFAULT CHARSET=latin1;

LOCK TABLES `craftable_items` WRITE;
/*!40000 ALTER TABLE `craftable_items` DISABLE KEYS */;

INSERT INTO `craftable_items` (`id`, `itemId`, `tab`)
VALUES
	(1,1,1),
	(2,2,1),
	(3,3,1),
	(4,4,1),
	(5,5,1),
	(6,6,1),
	(7,7,1),
	(8,8,1),
	(9,9,1),
	(10,10,2),
	(11,11,2),
	(12,12,2),
	(13,13,2),
	(14,14,2),
	(15,15,2),
	(16,16,2),
	(17,17,2),
	(18,18,2),
	(19,19,3),
	(20,20,3),
	(21,21,3),
	(22,22,3),
	(23,23,3),
	(24,24,3),
	(25,25,3),
	(26,26,3),
	(27,27,3),
	(28,28,3),
	(29,29,3),
	(30,30,3),
	(31,31,3),
	(32,32,3),
	(33,33,3),
	(34,34,3),
	(35,35,3),
	(36,36,3),
	(37,37,4),
	(38,38,4),
	(39,39,4),
	(40,40,4),
	(41,41,4),
	(42,42,4),
	(43,43,4),
	(44,44,5),
	(45,45,5),
	(46,46,5),
	(47,47,5),
	(48,48,5),
	(49,49,5),
	(50,50,5),
	(51,51,5),
	(52,52,6),
	(53,53,6),
	(54,54,6),
	(55,55,6),
	(56,56,6),
	(57,57,6),
	(58,58,6),
	(59,59,6),
	(60,60,6),
	(61,61,6),
	(62,62,6),
	(63,63,6),
	(64,64,6),
	(65,65,6),
	(66,66,6),
	(67,67,6),
	(68,68,6),
	(69,69,7),
	(70,70,7),
	(71,71,7),
	(72,72,7),
	(73,73,7),
	(74,74,7),
	(75,75,7),
	(76,76,7),
	(77,77,7),
	(78,78,7),
	(79,79,7),
	(80,80,7),
	(81,81,7),
	(82,82,7),
	(83,83,8),
	(84,84,8),
	(85,85,8),
	(86,86,8),
	(87,87,8),
	(88,88,8),
	(89,89,9),
	(90,90,9),
	(91,91,9),
	(92,92,9),
	(93,93,9),
	(94,94,9),
	(95,95,9),
	(96,96,9),
	(97,97,9),
	(98,98,9),
	(99,99,9),
	(100,100,9),
	(101,101,9),
	(102,102,10),
	(103,103,10),
	(104,104,10),
	(105,105,10),
	(106,106,10),
	(107,107,10),
	(108,108,10),
	(109,109,10),
	(110,110,10),
	(111,111,10),
	(112,112,10),
	(113,113,10),
	(114,114,10),
	(115,115,10),
	(116,116,10),
	(117,117,10),
	(118,118,10),
	(119,119,10),
	(120,120,10),
	(121,121,10),
	(122,122,10),
	(123,123,10),
	(124,124,10),
	(125,125,11),
	(126,126,11),
	(127,127,11),
	(128,128,11),
	(129,129,11),
	(130,130,12),
	(131,131,12),
	(132,132,12),
	(133,133,12),
	(134,134,12),
	(135,135,12),
	(136,136,12),
	(137,137,12),
	(138,138,12),
	(139,139,12),
	(140,140,12),
	(141,141,12),
	(142,142,12),
	(143,143,12);

/*!40000 ALTER TABLE `craftable_items` ENABLE KEYS */;
UNLOCK TABLES;


# Dump of table items
# ------------------------------------------------------------

DROP TABLE IF EXISTS `items`;

CREATE TABLE `items` (
  `id` int(11) unsigned NOT NULL AUTO_INCREMENT,
  `itemsName` varchar(255) NOT NULL DEFAULT '',
  PRIMARY KEY (`id`),
  KEY `itemsName` (`itemsName`)
) ENGINE=InnoDB DEFAULT CHARSET=latin1;

LOCK TABLES `items` WRITE;
/*!40000 ALTER TABLE `items` DISABLE KEYS */;

INSERT INTO `items` (`id`, `itemsName`)
VALUES
	(352,'abigail\'s_flower2'),
	(353,'abigail\'s_flower_haunted'),
	(372,'accomplishment_shrine'),
	(45,'alchemy_engine'),
	(380,'algae'),
	(126,'applied_horticulture'),
	(434,'ashes'),
	(1,'axe'),
	(420,'azure_feather'),
	(22,'backpack'),
	(419,'bacon_and_eggs'),
	(427,'bag'),
	(313,'ball_and_cup'),
	(37,'basic_farm'),
	(381,'batilisk'),
	(408,'batilisk_wing'),
	(68,'battle_helm'),
	(67,'battle_spear'),
	(97,'bat_bat'),
	(431,'beardling'),
	(413,'beard_hair'),
	(367,'bee'),
	(105,'beefalo_hat'),
	(177,'beefalo_horn'),
	(423,'beefalo_wool'),
	(106,'beekeeper_hat'),
	(39,'bee_box'),
	(62,'bee_mine'),
	(98,'belt_of_hunger'),
	(428,'berries'),
	(389,'berry_bush'),
	(392,'berry_bush2'),
	(371,'birchnut'),
	(76,'birdcage'),
	(125,'birds_of_the_world'),
	(19,'bird_trap'),
	(60,'blow_dart'),
	(375,'blueprint'),
	(376,'blue_cap'),
	(324,'blue_fungal_turf'),
	(182,'blue_gem'),
	(84,'boards'),
	(366,'bone_shards'),
	(61,'boomerang'),
	(290,'box_thing'),
	(291,'box_thing_adv'),
	(425,'braised_eggplant'),
	(112,'breezy_vest'),
	(266,'broken_shell'),
	(377,'bucket'),
	(43,'bucket-o-poop'),
	(31,'bug_net'),
	(199,'bunny_puff'),
	(108,'bush_hat'),
	(358,'butter'),
	(356,'butterfly'),
	(407,'butterfly_wings'),
	(410,'butter_muffin'),
	(387,'cactus'),
	(349,'cactus_flesh'),
	(364,'cactus_flower'),
	(10,'campfire'),
	(80,'carpeted_flooring'),
	(386,'carrot'),
	(390,'carrot_seeds'),
	(116,'cat_cap'),
	(399,'cat_tail'),
	(382,'cave_banana'),
	(333,'cave_rock_turf'),
	(416,'charcoal'),
	(79,'checkerboard_flooring'),
	(69,'chest'),
	(100,'chilled_amulet'),
	(368,'clothes'),
	(77,'cobblestones'),
	(345,'codex_umbra'),
	(21,'compass'),
	(135,'construction_amulet'),
	(415,'cooked_banana'),
	(355,'cooked_batilisk_wing'),
	(374,'cooked_blue_cap'),
	(360,'cooked_cactus_flesh'),
	(421,'cooked_eel'),
	(354,'cooked_egg'),
	(145,'cooked_fish'),
	(153,'cooked_frog_legs'),
	(164,'cooked_green_cap'),
	(222,'cooked_leafy_meat'),
	(430,'cooked_mandrake'),
	(426,'cooked_meat'),
	(424,'cooked_monster_meat'),
	(401,'cooked_morsel'),
	(239,'cooked_red_cap'),
	(365,'corn'),
	(412,'corn_seeds'),
	(292,'crank_thing'),
	(293,'crank_thing_adv'),
	(436,'crimson_feather'),
	(41,'crock_pot'),
	(411,'crow'),
	(379,'cut_grass'),
	(435,'cut_reeds'),
	(85,'cut_stone'),
	(111,'dapper_vest'),
	(217,'dark_petals'),
	(95,'dark_sword'),
	(321,'deciduous_turf'),
	(138,'deconstruction_staff'),
	(414,'deerclops_eyeball'),
	(46,'divining_rod'),
	(162,'down_feather'),
	(362,'dragonpie'),
	(418,'dragon_fruit'),
	(385,'dragon_fruit_seeds'),
	(394,'drumstick'),
	(40,'drying_rack'),
	(391,'durian'),
	(361,'durian_seeds'),
	(422,'eel'),
	(351,'egg'),
	(397,'eggplant'),
	(432,'eggplant_seeds'),
	(50,'electrical_doodad'),
	(160,'electric_milk'),
	(13,'endothermic_fire'),
	(14,'endothermic_fire_pit'),
	(363,'extra_smelly_durian'),
	(124,'eyebrella'),
	(359,'eye_bone'),
	(409,'eye_bone_closed'),
	(405,'eye_bone_closed_shadow'),
	(370,'eye_bone_closed_snow'),
	(350,'eye_bone_shadow'),
	(369,'eye_bone_snow'),
	(308,'fake_kazoo'),
	(119,'fashion_melon'),
	(107,'feather_hat'),
	(406,'fireflies'),
	(59,'fire_dart'),
	(11,'fire_pit'),
	(404,'fire_staff'),
	(144,'fish'),
	(32,'fishing_rod'),
	(146,'fishsticks'),
	(147,'fish_tacos'),
	(184,'fist_full_of_jam'),
	(196,'fleshy_bulb'),
	(148,'flint'),
	(122,'floral_shirt'),
	(149,'flower_salad'),
	(150,'foliage'),
	(57,'football_helmet'),
	(323,'forest_turf'),
	(312,'frazzled_wires'),
	(393,'fried_drumstick'),
	(286,'fried_tallbird_egg'),
	(151,'froggle_bunwich'),
	(152,'frog_legs'),
	(154,'fruit_medley'),
	(28,'fur_roll'),
	(103,'garland'),
	(155,'gears'),
	(156,'glommer\'s_flower'),
	(157,'glommer\'s_flower_dead'),
	(158,'glommer\'s_goop'),
	(159,'glommer\'s_wings'),
	(347,'glow_berry'),
	(310,'gnome'),
	(161,'gold_nugget'),
	(309,'gord\'s_knot'),
	(218,'gramaphone'),
	(54,'grass_suit'),
	(398,'grass_tuft'),
	(327,'grass_turf'),
	(163,'green_cap'),
	(325,'green_fungal_turf'),
	(165,'green_gem'),
	(342,'grilled_watermelon'),
	(166,'guacamole'),
	(167,'guano'),
	(320,'guano_turf'),
	(204,'guardian\'s_horn'),
	(49,'gunpowder'),
	(5,'hammer'),
	(53,'ham_bat'),
	(314,'hardened_rubber_bung'),
	(71,'hay_wall'),
	(25,'healing_salve'),
	(123,'hibearnation_vest'),
	(173,'honey'),
	(174,'honeycomb'),
	(175,'honey_ham'),
	(176,'honey_nuggets'),
	(26,'honey_poultice'),
	(229,'hot_pumpkin'),
	(179,'hound\'s_tooth'),
	(143,'houndius_shootius'),
	(180,'ice'),
	(42,'ice_box'),
	(181,'ice_cream'),
	(120,'ice_cube'),
	(51,'ice_flingomatic'),
	(183,'ice_staff'),
	(38,'improved_farm'),
	(35,'insulated_pack'),
	(202,'jerky'),
	(396,'jet_feather'),
	(185,'kabobs'),
	(186,'killer_bee'),
	(318,'koalefant_trunk'),
	(317,'koalefant_trunk_steak'),
	(187,'krampus\'_sack'),
	(18,'lantern'),
	(188,'lantern_lit'),
	(221,'leafy_meat'),
	(99,'life_giving_amulet'),
	(191,'lightning_rod'),
	(189,'light_bulb'),
	(193,'living_log'),
	(194,'log'),
	(55,'log_suit'),
	(195,'lucy_the_axe'),
	(7,'luxury_axe'),
	(34,'luxury_fan'),
	(134,'magiluminescence'),
	(197,'mandrake'),
	(198,'mandrake_soup'),
	(226,'manure'),
	(200,'marble'),
	(56,'marble_suit'),
	(328,'marsh_turf'),
	(201,'meat'),
	(203,'meatballs'),
	(373,'meaty_stew'),
	(89,'meat_effigy'),
	(344,'melonsicle'),
	(304,'melty_marbles'),
	(305,'melty_marbles0'),
	(306,'melty_marbles1'),
	(307,'melty_marbles2'),
	(294,'metal_potato_thing'),
	(295,'metal_potato_thing_adv'),
	(16,'miner_hat'),
	(315,'mismatched_buttons'),
	(15,'moggles'),
	(205,'moleworm'),
	(208,'monster_jerky'),
	(206,'monster_lasagna'),
	(207,'monster_meat'),
	(66,'morning_star'),
	(269,'morsel'),
	(209,'mosquito'),
	(210,'mosquito_sack'),
	(329,'mud_turf'),
	(101,'nightmare_amulet'),
	(88,'nightmare_fuel'),
	(96,'night_armour'),
	(94,'night_light'),
	(213,'nitre'),
	(429,'old_bell'),
	(93,'one-man_band'),
	(128,'on_tentacles'),
	(9,'opulent_pickaxe'),
	(214,'orange_gem'),
	(92,'pan_flute'),
	(86,'papyrus'),
	(216,'petals'),
	(2,'pickaxe'),
	(139,'pick_axe'),
	(215,'pierogi'),
	(23,'piggyback'),
	(74,'pig_house'),
	(219,'pig_skin'),
	(403,'pile_o\'_balloons'),
	(220,'pine_cone'),
	(4,'pitchfork'),
	(223,'pomegranate'),
	(225,'pomegranate_seeds'),
	(378,'popcorn'),
	(81,'potted_fern'),
	(227,'powdercake'),
	(383,'prepared_dragon_fruit'),
	(90,'prestihatitator'),
	(33,'pretty_parasol'),
	(113,'puffy_vest'),
	(228,'pumpkin'),
	(231,'pumpkin_cookie'),
	(17,'pumpkin_lantern'),
	(230,'pumpkin_seeds'),
	(87,'purple_gem'),
	(232,'rabbit'),
	(104,'rabbit_earmuffs'),
	(75,'rabbit_hutch'),
	(233,'rabbit_winter'),
	(48,'rainometer'),
	(118,'rain_coat'),
	(117,'rain_hat'),
	(234,'ratatouille'),
	(6,'razor'),
	(235,'record1'),
	(236,'record2'),
	(237,'record3'),
	(241,'redbird'),
	(238,'red_cap'),
	(326,'red_fungal_turf'),
	(240,'red_gem'),
	(8,'regal_shovel'),
	(296,'ring_thing'),
	(297,'ring_thing_adv'),
	(400,'roasted_berries'),
	(357,'roasted_birchnut'),
	(384,'roasted_carrot'),
	(243,'rocks'),
	(330,'rocky_turf'),
	(83,'rope'),
	(275,'rot'),
	(244,'rotten_egg'),
	(322,'sandy_turf'),
	(395,'sapling'),
	(331,'savanna_turf'),
	(82,'scaled_chest'),
	(65,'scalemail'),
	(417,'scales'),
	(245,'scarecrow'),
	(44,'science_machine'),
	(246,'seeds'),
	(115,'sewing_kit'),
	(91,'shadow_manipulator'),
	(267,'shelmet'),
	(3,'shovel'),
	(36,'siesta_lean-to'),
	(70,'sign'),
	(248,'silk'),
	(249,'skull_wallace'),
	(250,'skull_waverly'),
	(251,'skull_webber'),
	(252,'skull_wendy'),
	(253,'skull_wes'),
	(254,'skull_wickerbottom'),
	(255,'skull_wilbur'),
	(256,'skull_willow'),
	(257,'skull_wilson'),
	(258,'skull_wilton'),
	(259,'skull_winnie'),
	(260,'skull_wolfgang'),
	(261,'skull_woodie'),
	(262,'skull_wortox'),
	(263,'skull_wx78'),
	(127,'sleepytime_stories'),
	(58,'sleep_dart'),
	(224,'sliced_pomegranate'),
	(332,'slimey_turf'),
	(264,'slurper'),
	(265,'slurper_pelt'),
	(268,'slurtle_slime'),
	(270,'small_jerky'),
	(271,'snowball'),
	(242,'snowbird'),
	(402,'snurtle_shell_armour'),
	(52,'spear'),
	(178,'spicy_chili'),
	(274,'spiderhat'),
	(272,'spider_eggs'),
	(273,'spider_gland'),
	(433,'spiky_bush'),
	(137,'star_caller\'s_staff'),
	(334,'sticky_webbing'),
	(276,'stinger'),
	(73,'stone_wall'),
	(277,'stopwatch'),
	(102,'straw_hat'),
	(27,'straw_roll'),
	(278,'stuffed_eggplant'),
	(121,'summer_frest'),
	(279,'sunken_boat_trinket_1'),
	(280,'sunken_boat_trinket_2'),
	(281,'sunken_boat_trinket_3'),
	(282,'sunken_boat_trinket_4'),
	(283,'sunken_boat_trinket_5'),
	(284,'taffy'),
	(285,'tallbird_egg'),
	(287,'tallbird_egg_hatching'),
	(340,'tam_o\'shanter'),
	(301,'tbeefalo_horns_marsh'),
	(288,'telelocator_focus'),
	(298,'telelocator_staff'),
	(29,'tent'),
	(299,'tentacle_spike'),
	(300,'tentacle_spots'),
	(47,'thermal_measurer'),
	(24,'thermal_stone'),
	(168,'thermal_stone1'),
	(169,'thermal_stone2'),
	(170,'thermal_stone3'),
	(171,'thermal_stone4'),
	(172,'thermal_stone5'),
	(129,'the_end_is_nigh'),
	(136,'The_Lazy_Explorer'),
	(133,'the_lazy_forager'),
	(388,'thick_fur'),
	(130,'thulecite'),
	(141,'thulecite_club'),
	(140,'thulecite_crown'),
	(302,'thulecite_fragments'),
	(132,'thulecite_medallion'),
	(211,'thulecite_medallion_nightmare'),
	(212,'thulecite_medallion_warn'),
	(142,'thulecite_suit'),
	(131,'thulecite_wall'),
	(311,'tiny_rocketship'),
	(247,'toasted_seeds'),
	(63,'tooth_trap'),
	(110,'top_hat'),
	(12,'torch'),
	(303,'trail_mix'),
	(20,'trap'),
	(316,'truffle'),
	(335,'turkey_dinner'),
	(336,'twigs'),
	(30,'umbrella'),
	(337,'unagi'),
	(192,'volt_goat_horn'),
	(338,'waffles'),
	(114,'walking_cane'),
	(339,'walrus_tusk'),
	(341,'watermelon'),
	(343,'watermelon_seeds'),
	(64,'weather_pain'),
	(346,'wet_goop'),
	(190,'willow\'s_lighter'),
	(109,'winter_hat'),
	(319,'winter_koalefant_trunk'),
	(78,'wooden_flooring'),
	(289,'wooden_thing'),
	(72,'wood_wall'),
	(348,'yellow_gem');

/*!40000 ALTER TABLE `items` ENABLE KEYS */;
UNLOCK TABLES;


# Dump of table materials
# ------------------------------------------------------------

DROP TABLE IF EXISTS `materials`;

CREATE TABLE `materials` (
  `id` int(11) unsigned NOT NULL AUTO_INCREMENT,
  `craftableId` int(11) unsigned NOT NULL,
  `quantity` int(11) NOT NULL,
  `material` int(11) unsigned NOT NULL,
  PRIMARY KEY (`id`),
  KEY `craftableId` (`craftableId`),
  KEY `material` (`material`),
  CONSTRAINT `materials_ibfk_2` FOREIGN KEY (`material`) REFERENCES `items` (`id`) ON UPDATE CASCADE,
  CONSTRAINT `materials_ibfk_1` FOREIGN KEY (`craftableId`) REFERENCES `items` (`id`) ON UPDATE CASCADE
) ENGINE=InnoDB DEFAULT CHARSET=latin1;

LOCK TABLES `materials` WRITE;
/*!40000 ALTER TABLE `materials` DISABLE KEYS */;

INSERT INTO `materials` (`id`, `craftableId`, `quantity`, `material`)
VALUES
	(1,12,2,336),
	(2,12,2,379),
	(3,10,3,379),
	(4,10,2,194),
	(5,11,2,194),
	(6,11,12,243),
	(7,13,3,379),
	(8,13,2,213),
	(9,14,2,213),
	(10,14,4,85),
	(11,14,2,50),
	(12,16,1,102),
	(13,16,1,161),
	(14,16,1,406),
	(15,15,2,205),
	(16,15,2,50),
	(17,15,1,347),
	(18,77,1,84),
	(699,17,1,228),
	(700,17,1,406),
	(701,18,3,336),
	(702,18,2,83),
	(703,18,2,189),
	(704,69,3,84),
	(705,70,1,84),
	(706,71,4,379),
	(707,71,2,336),
	(708,72,2,84),
	(709,72,1,83),
	(710,73,2,85),
	(711,74,4,84),
	(712,74,3,85),
	(713,74,4,219),
	(714,75,4,84),
	(715,75,10,386),
	(716,75,4,199),
	(717,76,2,86),
	(718,76,6,161),
	(719,76,2,246),
	(720,77,1,330),
	(3871,78,1,84),
	(3872,79,1,200),
	(3873,80,1,84),
	(3874,80,1,423),
	(3875,81,5,150),
	(3876,81,1,266),
	(3877,82,1,417),
	(3878,82,4,84),
	(3879,82,10,161),
	(4226,37,8,379),
	(4227,37,4,226),
	(4228,37,4,194),
	(4235,38,10,379),
	(4236,38,6,226),
	(4237,38,4,243),
	(5414,43,3,226),
	(5415,43,2,366),
	(5416,43,4,194),
	(5417,39,2,84),
	(5418,39,1,174),
	(5419,39,4,367),
	(5420,40,3,336),
	(5421,40,2,416),
	(5422,40,3,83),
	(5423,41,3,85),
	(5424,41,6,416),
	(5425,41,6,336),
	(5426,42,2,161),
	(5427,42,1,155),
	(5428,42,1,85),
	(5429,20,2,336),
	(5430,20,6,379),
	(5431,19,3,336),
	(5432,19,4,248),
	(6082,31,4,336),
	(6083,31,2,248),
	(6084,31,1,83),
	(6085,32,2,336),
	(6086,32,2,248),
	(6087,33,4,336),
	(6088,33,3,379),
	(6089,33,6,216),
	(6090,30,6,336),
	(6091,30,1,219),
	(6092,30,2,248),
	(6093,26,1,86),
	(6094,26,2,173),
	(6095,25,2,434),
	(6096,25,1,243),
	(6097,25,1,273),
	(6098,21,1,161),
	(6099,21,1,86),
	(6100,24,10,243),
	(6101,24,1,2),
	(6102,24,3,148),
	(6103,22,4,379),
	(6104,22,4,336),
	(6105,23,4,219),
	(6357,23,6,248),
	(6358,23,2,83),
	(6359,27,6,379),
	(6360,27,1,83),
	(6361,28,1,27),
	(6362,28,2,199),
	(6363,29,6,248),
	(6364,29,4,336),
	(6365,29,3,83),
	(6366,36,2,248),
	(6375,36,4,84),
	(6376,36,3,83),
	(7137,34,5,162),
	(7138,34,2,435),
	(7139,34,2,83),
	(7140,35,1,388),
	(7141,35,3,155),
	(7142,35,3,50),
	(7143,1,1,336),
	(7144,1,1,148),
	(7145,7,4,336),
	(7146,7,2,161),
	(7147,2,2,336),
	(7148,2,2,148),
	(7149,9,4,336),
	(7150,9,2,161),
	(7151,3,2,336),
	(7152,3,2,148),
	(7153,8,4,336),
	(7154,8,2,161),
	(7155,5,3,336),
	(7156,5,3,243),
	(7157,5,6,379),
	(7158,4,2,336),
	(7159,4,2,148),
	(7186,6,2,336),
	(7187,6,2,148),
	(7188,44,1,161),
	(7189,44,4,194),
	(7190,44,4,243),
	(7191,45,4,84),
	(7192,45,2,85),
	(7193,45,2,50),
	(7194,50,2,161),
	(7195,50,1,85),
	(7196,46,1,336),
	(7197,46,4,88),
	(7198,46,1,155),
	(7199,47,2,84),
	(7200,47,2,161),
	(7201,48,2,84),
	(7202,48,2,161),
	(7203,48,2,83),
	(7204,49,1,244),
	(7205,49,1,416),
	(7614,49,1,213),
	(7615,191,4,161),
	(7616,191,1,85),
	(7617,51,2,155),
	(7618,51,15,180),
	(7619,51,2,50),
	(7620,90,4,232),
	(7621,90,4,84),
	(7622,90,1,110),
	(7638,91,3,193),
	(7639,91,1,87),
	(7640,91,7,88),
	(7641,89,4,84),
	(7642,89,4,426),
	(7643,89,4,413),
	(7644,92,5,435),
	(7645,92,1,197),
	(7646,92,1,83),
	(7859,429,1,159),
	(7860,429,1,156),
	(7861,93,2,161),
	(7862,93,4,88),
	(7863,93,2,219),
	(7864,94,8,161),
	(7865,94,2,88),
	(7866,94,1,240),
	(7867,96,5,88),
	(7868,96,3,86),
	(7869,95,5,88),
	(7870,95,1,193),
	(7871,97,5,408),
	(7872,97,2,193),
	(7873,97,1,87),
	(7910,98,6,265),
	(7911,98,2,83),
	(7912,98,2,88),
	(7913,99,3,161),
	(7914,99,2,88),
	(7915,99,1,240),
	(7923,100,3,161),
	(8093,100,1,182),
	(8094,101,6,161),
	(8095,101,4,88),
	(8096,101,2,87),
	(8571,404,2,88),
	(8572,404,1,52),
	(8573,404,1,240),
	(8574,183,1,52),
	(8575,183,1,182),
	(9054,298,4,88),
	(9055,298,2,193),
	(9056,298,2,87),
	(9057,288,4,88),
	(9058,288,4,193),
	(9059,288,8,161),
	(9060,83,3,379),
	(9061,84,4,194),
	(9062,85,3,243),
	(9063,86,4,435),
	(9064,88,4,217),
	(9065,87,1,240),
	(9066,87,1,182),
	(9067,52,2,336),
	(9068,52,1,83),
	(9069,52,1,148),
	(9070,53,1,219),
	(9071,53,2,336),
	(9072,53,2,201),
	(9073,66,1,192),
	(9074,66,2,50),
	(9075,66,2,213),
	(9076,54,10,379),
	(9077,54,2,336),
	(9078,55,8,194),
	(9079,55,2,83),
	(9080,56,12,200),
	(9081,56,4,83),
	(9082,57,1,219),
	(9083,57,1,83),
	(9084,58,2,435),
	(9085,58,1,276),
	(9086,58,1,396),
	(9087,59,2,435),
	(9088,59,1,416),
	(9089,59,1,436),
	(9090,60,2,435),
	(9091,60,1,179),
	(9092,60,1,420),
	(9093,61,1,84),
	(9094,61,1,248),
	(9095,61,1,416),
	(9096,62,1,84),
	(9097,62,4,367),
	(9098,62,1,148),
	(9099,63,1,194),
	(9100,63,1,83),
	(9101,63,1,179),
	(9102,65,1,417),
	(9103,65,1,55),
	(9104,65,3,219),
	(9105,64,10,162),
	(9106,64,1,192),
	(9107,64,1,155),
	(9108,115,1,194),
	(9109,115,8,248),
	(9110,115,2,179),
	(9111,103,12,216),
	(9112,102,12,379),
	(9113,110,6,248),
	(9114,117,2,205),
	(9115,117,1,102),
	(9116,117,1,366),
	(9117,104,2,232),
	(9118,104,1,336),
	(9119,105,8,423),
	(9120,105,1,177),
	(9121,109,4,423),
	(9122,109,4,248),
	(9123,116,4,399),
	(9124,116,4,248),
	(9125,119,1,341),
	(9126,119,3,336),
	(9127,120,2,50),
	(9128,120,4,83),
	(9129,120,10,180),
	(9130,106,8,248),
	(9131,106,1,83),
	(9132,107,3,396),
	(9133,107,2,436),
	(9134,107,2,300),
	(9135,108,1,102),
	(9136,108,1,83),
	(9137,108,1,389),
	(9138,118,2,300),
	(9139,118,2,83),
	(9140,118,2,366),
	(9141,111,8,179),
	(9142,111,6,248),
	(9143,112,1,318),
	(9144,112,8,248),
	(9145,113,1,319),
	(9146,113,8,248),
	(9147,113,2,423),
	(9148,121,1,83),
	(9149,121,3,436),
	(9150,121,2,219),
	(9151,122,3,86),
	(9152,122,3,248),
	(9153,122,5,364),
	(9154,114,2,161),
	(9155,114,1,339),
	(9156,114,4,336),
	(9157,123,1,388),
	(9158,123,1,111),
	(9159,123,2,83),
	(9160,124,1,414),
	(9161,124,15,336),
	(9162,124,4,366),
	(9163,130,6,302),
	(9164,131,1,130),
	(9165,132,2,130),
	(9166,132,2,88),
	(9167,133,2,130),
	(9168,133,3,88),
	(9169,133,1,214),
	(9170,134,2,130),
	(9171,134,3,88),
	(9172,134,1,348),
	(9173,135,2,130),
	(9174,135,3,88),
	(9175,135,1,165),
	(9176,136,2,88),
	(9177,136,1,114),
	(9178,136,2,214),
	(9179,137,4,88),
	(9180,137,2,193),
	(9181,137,2,348),
	(9182,138,4,88),
	(9183,138,2,193),
	(9184,138,2,165),
	(9185,139,1,7),
	(9186,139,1,9),
	(9187,139,2,130),
	(9188,140,4,130),
	(9189,140,4,88),
	(9190,142,6,130),
	(9191,142,4,88),
	(9192,141,3,193),
	(9193,141,4,130),
	(9194,141,4,88),
	(9195,143,1,414),
	(9196,143,1,204),
	(9197,143,5,130);

/*!40000 ALTER TABLE `materials` ENABLE KEYS */;
UNLOCK TABLES;


# Dump of table tabs
# ------------------------------------------------------------

DROP TABLE IF EXISTS `tabs`;

CREATE TABLE `tabs` (
  `id` int(11) unsigned NOT NULL AUTO_INCREMENT,
  `tabName` varchar(25) NOT NULL DEFAULT '',
  PRIMARY KEY (`id`),
  KEY `tabNameIndex` (`tabName`)
) ENGINE=InnoDB DEFAULT CHARSET=latin1;

LOCK TABLES `tabs` WRITE;
/*!40000 ALTER TABLE `tabs` DISABLE KEYS */;

INSERT INTO `tabs` (`id`, `tabName`)
VALUES
	(12,'Ancient'),
	(11,'Books'),
	(10,'Dress'),
	(6,'Fight'),
	(4,'Food'),
	(2,'Light'),
	(9,'Magic'),
	(8,'Refine'),
	(5,'Science'),
	(7,'Structures'),
	(3,'Survival'),
	(1,'Tools');

/*!40000 ALTER TABLE `tabs` ENABLE KEYS */;
UNLOCK TABLES;



/*!40111 SET SQL_NOTES=@OLD_SQL_NOTES */;
/*!40101 SET SQL_MODE=@OLD_SQL_MODE */;
/*!40014 SET FOREIGN_KEY_CHECKS=@OLD_FOREIGN_KEY_CHECKS */;
/*!40101 SET CHARACTER_SET_CLIENT=@OLD_CHARACTER_SET_CLIENT */;
/*!40101 SET CHARACTER_SET_RESULTS=@OLD_CHARACTER_SET_RESULTS */;
/*!40101 SET COLLATION_CONNECTION=@OLD_COLLATION_CONNECTION */;
