# ************************************************************
# Sequel Pro SQL dump
# Version 4499
#
# http://www.sequelpro.com/
# https://github.com/sequelpro/sequelpro
#
# Host: 127.0.0.1 (MySQL 5.5.42)
# Database: DontStarveItems
# Generation Time: 2016-01-27 02:49:45 +0000
# ************************************************************


/*!40101 SET @OLD_CHARACTER_SET_CLIENT=@@CHARACTER_SET_CLIENT */;
/*!40101 SET @OLD_CHARACTER_SET_RESULTS=@@CHARACTER_SET_RESULTS */;
/*!40101 SET @OLD_COLLATION_CONNECTION=@@COLLATION_CONNECTION */;
/*!40101 SET NAMES utf8 */;
/*!40014 SET @OLD_FOREIGN_KEY_CHECKS=@@FOREIGN_KEY_CHECKS, FOREIGN_KEY_CHECKS=0 */;
/*!40101 SET @OLD_SQL_MODE=@@SQL_MODE, SQL_MODE='NO_AUTO_VALUE_ON_ZERO' */;
/*!40111 SET @OLD_SQL_NOTES=@@SQL_NOTES, SQL_NOTES=0 */;


# Dump of table craftable_items
# ------------------------------------------------------------

DROP TABLE IF EXISTS `craftable_items`;

CREATE TABLE `craftable_items` (
  `id` int(11) NOT NULL AUTO_INCREMENT,
  `itemId` int(11) unsigned DEFAULT NULL,
  `tab` int(11) unsigned NOT NULL,
  PRIMARY KEY (`id`),
  KEY `tabIndex` (`tab`),
  KEY `itemId` (`itemId`),
  CONSTRAINT `craftable_items_ibfk_2` FOREIGN KEY (`tab`) REFERENCES `tabs` (`id`),
  CONSTRAINT `craftable_items_ibfk_3` FOREIGN KEY (`itemId`) REFERENCES `items` (`id`) ON UPDATE CASCADE
) ENGINE=InnoDB DEFAULT CHARSET=latin1;

LOCK TABLES `craftable_items` WRITE;
/*!40000 ALTER TABLE `craftable_items` DISABLE KEYS */;

INSERT INTO `craftable_items` (`id`, `itemId`, `tab`)
VALUES
	(1,1,1),
	(2,2,1),
	(3,3,1),
	(4,4,1),
	(5,5,1),
	(6,6,1),
	(7,7,1),
	(8,8,1),
	(9,9,1),
	(10,10,2),
	(11,11,2),
	(12,12,2),
	(13,13,2),
	(14,14,2),
	(15,15,2),
	(16,16,2),
	(17,17,2),
	(18,18,2),
	(19,19,3),
	(20,20,3),
	(21,21,3),
	(22,22,3),
	(23,23,3),
	(24,24,3),
	(25,25,3),
	(26,26,3),
	(27,27,3),
	(28,28,3),
	(29,29,3),
	(30,30,3),
	(31,31,3),
	(32,32,3),
	(33,33,3),
	(34,34,3),
	(35,35,3),
	(36,36,3),
	(37,37,4),
	(38,38,4),
	(39,39,4),
	(40,40,4),
	(41,41,4),
	(42,42,4),
	(43,43,4),
	(44,44,5),
	(45,45,5),
	(46,46,5),
	(47,47,5),
	(48,48,5),
	(49,49,5),
	(50,50,5),
	(51,51,5),
	(52,52,6),
	(53,53,6),
	(54,54,6),
	(55,55,6),
	(56,56,6),
	(57,57,6),
	(58,58,6),
	(59,59,6),
	(60,60,6),
	(61,61,6),
	(62,62,6),
	(63,63,6),
	(64,64,6),
	(65,65,6),
	(66,66,6),
	(67,67,6),
	(68,68,6),
	(69,69,7),
	(70,70,7),
	(71,71,7),
	(72,72,7),
	(73,73,7),
	(74,74,7),
	(75,75,7),
	(76,76,7),
	(77,77,7),
	(78,78,7),
	(79,79,7),
	(80,80,7),
	(81,81,7),
	(82,82,7),
	(83,83,8),
	(84,84,8),
	(85,85,8),
	(86,86,8),
	(87,87,8),
	(88,88,8),
	(89,89,9),
	(90,90,9),
	(91,91,9),
	(92,92,9),
	(93,93,9),
	(94,94,9),
	(95,95,9),
	(96,96,9),
	(97,97,9),
	(98,98,9),
	(99,99,9),
	(100,100,9),
	(101,101,9),
	(102,102,10),
	(103,103,10),
	(104,104,10),
	(105,105,10),
	(106,106,10),
	(107,107,10),
	(108,108,10),
	(109,109,10),
	(110,110,10),
	(111,111,10),
	(112,112,10),
	(113,113,10),
	(114,114,10),
	(115,115,10),
	(116,116,10),
	(117,117,10),
	(118,118,10),
	(119,119,10),
	(120,120,10),
	(121,121,10),
	(122,122,10),
	(123,123,10),
	(124,124,10),
	(125,125,11),
	(126,126,11),
	(127,127,11),
	(128,128,11),
	(129,129,11),
	(130,130,12),
	(131,131,12),
	(132,132,12),
	(133,133,12),
	(134,134,12),
	(135,135,12),
	(136,136,12),
	(137,137,12),
	(138,138,12),
	(139,139,12),
	(140,140,12),
	(141,141,12),
	(142,142,12),
	(143,143,12);

/*!40000 ALTER TABLE `craftable_items` ENABLE KEYS */;
UNLOCK TABLES;


# Dump of table items
# ------------------------------------------------------------

DROP TABLE IF EXISTS `items`;

CREATE TABLE `items` (
  `id` int(11) unsigned NOT NULL AUTO_INCREMENT,
  `itemsName` varchar(255) NOT NULL DEFAULT '',
  `version` int(11) DEFAULT NULL,
  PRIMARY KEY (`id`),
  KEY `itemsName` (`itemsName`),
  KEY `version` (`version`),
  CONSTRAINT `items_ibfk_1` FOREIGN KEY (`version`) REFERENCES `version` (`id`)
) ENGINE=InnoDB DEFAULT CHARSET=latin1;

LOCK TABLES `items` WRITE;
/*!40000 ALTER TABLE `items` DISABLE KEYS */;

INSERT INTO `items` (`id`, `itemsName`, `version`)
VALUES
	(1,'axe',1),
	(2,'pickaxe',1),
	(3,'shovel',1),
	(4,'pitchfork',1),
	(5,'hammer',2),
	(6,'razor',1),
	(7,'luxury_axe',1),
	(8,'regal_shovel',1),
	(9,'opulent_pickaxe',1),
	(10,'campfire',1),
	(11,'fire_pit',1),
	(12,'torch',1),
	(13,'endothermic_fire',2),
	(14,'endothermic_fire_pit',2),
	(15,'moggles',2),
	(16,'miner_hat',1),
	(17,'pumpkin_lantern',1),
	(18,'lantern',1),
	(19,'bird_trap',1),
	(20,'trap',1),
	(21,'compass',1),
	(22,'backpack',1),
	(23,'piggyback',1),
	(24,'thermal_stone',1),
	(25,'healing_salve',1),
	(26,'honey_poultice',1),
	(27,'straw_roll',1),
	(28,'fur_roll',1),
	(29,'tent',1),
	(30,'umbrella',2),
	(31,'bug_net',1),
	(32,'fishing_rod',1),
	(33,'pretty_parasol',1),
	(34,'luxury_fan',2),
	(35,'insulated_pack',2),
	(36,'siesta_lean-to',2),
	(37,'basic_farm',1),
	(38,'improved_farm',1),
	(39,'bee_box',1),
	(40,'drying_rack',1),
	(41,'crock_pot',1),
	(42,'ice_box',1),
	(43,'bucket-o-poop',2),
	(44,'science_machine',1),
	(45,'alchemy_engine',1),
	(46,'divining_rod',1),
	(47,'thermal_measurer',1),
	(48,'rainometer',1),
	(49,'gunpowder',1),
	(50,'electrical_doodad',2),
	(51,'ice_flingomatic',2),
	(52,'spear',1),
	(53,'ham_bat',1),
	(54,'grass_suit',1),
	(55,'log_suit',1),
	(56,'marble_suit',1),
	(57,'football_helmet',1),
	(58,'sleep_dart',1),
	(59,'fire_dart',1),
	(60,'blow_dart',1),
	(61,'boomerang',1),
	(62,'bee_mine',1),
	(63,'tooth_trap',1),
	(64,'weather_pain',2),
	(65,'scalemail',2),
	(66,'morning_star',2),
	(67,'battle_spear',2),
	(68,'battle_helm',2),
	(69,'chest',1),
	(70,'sign',1),
	(71,'hay_wall',1),
	(72,'wood_wall',1),
	(73,'stone_wall',1),
	(74,'pig_house',1),
	(75,'rabbit_hutch',1),
	(76,'birdcage',1),
	(77,'cobblestones',1),
	(78,'wooden_flooring',1),
	(79,'checkerboard_flooring',1),
	(80,'carpeted_flooring',1),
	(81,'potted_fern',1),
	(82,'scaled_chest',2),
	(83,'rope',1),
	(84,'boards',1),
	(85,'cut_stone',1),
	(86,'papyrus',1),
	(87,'purple_gem',1),
	(88,'nightmare_fuel',1),
	(89,'meat_effigy',1),
	(90,'prestihatitator',1),
	(91,'shadow_manipulator',1),
	(92,'pan_flute',1),
	(93,'one-man_band',1),
	(94,'night_light',1),
	(95,'dark_sword',1),
	(96,'night_armour',1),
	(97,'bat_bat',1),
	(98,'belt_of_hunger',1),
	(99,'life_giving_amulet',1),
	(100,'chilled_amulet',1),
	(101,'nightmare_amulet',1),
	(102,'straw_hat',2),
	(103,'garland',1),
	(104,'rabbit_earmuffs',1),
	(105,'beefalo_hat',1),
	(106,'beekeeper_hat',1),
	(107,'feather_hat',1),
	(108,'bush_hat',1),
	(109,'winter_hat',1),
	(110,'top_hat',1),
	(111,'dapper_vest',1),
	(112,'breezy_vest',1),
	(113,'puffy_vest',1),
	(114,'walking_cane',1),
	(115,'sewing_kit',1),
	(116,'cat_cap',2),
	(117,'rain_hat',2),
	(118,'rain_coat',2),
	(119,'fashion_melon',2),
	(120,'ice_cube',2),
	(121,'summer_frest',2),
	(122,'floral_shirt',2),
	(123,'hibearnation_vest',2),
	(124,'eyebrella',2),
	(125,'birds_of_the_world',1),
	(126,'applied_horticulture',1),
	(127,'sleepytime_stories',1),
	(128,'on_tentacles',1),
	(129,'the_end_is_nigh',1),
	(130,'thulecite',1),
	(131,'thulecite_wall',1),
	(132,'thulecite_medallion',1),
	(133,'the_lazy_forager',1),
	(134,'magiluminescence',1),
	(135,'construction_amulet',1),
	(136,'The_Lazy_Explorer',1),
	(137,'star_caller\'s_staff',1),
	(138,'deconstruction_staff',1),
	(139,'pick_axe',1),
	(140,'thulecite_crown',1),
	(141,'thulecite_club',1),
	(142,'thulecite_suit',1),
	(143,'houndius_shootius',1),
	(144,'fish',1),
	(145,'cooked_fish',1),
	(146,'fishsticks',1),
	(147,'fish_tacos',1),
	(148,'flint',1),
	(149,'flower_salad',2),
	(150,'foliage',1),
	(151,'froggle_bunwich',1),
	(152,'frog_legs',1),
	(153,'cooked_frog_legs',1),
	(154,'fruit_medley',1),
	(155,'gears',1),
	(156,'glommer\'s_flower',2),
	(157,'glommer\'s_flower_dead',2),
	(158,'glommer\'s_goop',2),
	(159,'glommer\'s_wings',2),
	(160,'electric_milk',2),
	(161,'gold_nugget',1),
	(162,'down_feather',2),
	(163,'green_cap',1),
	(164,'cooked_green_cap',1),
	(165,'green_gem',1),
	(166,'guacamole',2),
	(167,'guano',1),
	(168,'thermal_stone1',1),
	(169,'thermal_stone2',1),
	(170,'thermal_stone3',1),
	(171,'thermal_stone4',1),
	(172,'thermal_stone5',1),
	(173,'honey',1),
	(174,'honeycomb',1),
	(175,'honey_ham',1),
	(176,'honey_nuggets',1),
	(177,'beefalo_horn',1),
	(178,'spicy_chili',2),
	(179,'hound\'s_tooth',1),
	(180,'ice',2),
	(181,'ice_cream',2),
	(182,'blue_gem',1),
	(183,'ice_staff',1),
	(184,'fist_full_of_jam',1),
	(185,'kabobs',1),
	(186,'killer_bee',1),
	(187,'krampus\'_sack',1),
	(188,'lantern_lit',1),
	(189,'light_bulb',1),
	(190,'willow\'s_lighter',1),
	(191,'lightning_rod',1),
	(192,'volt_goat_horn',2),
	(193,'living_log',1),
	(194,'log',1),
	(195,'lucy_the_axe',1),
	(196,'fleshy_bulb',1),
	(197,'mandrake',1),
	(198,'mandrake_soup',1),
	(199,'bunny_puff',1),
	(200,'marble',1),
	(201,'meat',1),
	(202,'jerky',1),
	(203,'meatballs',1),
	(204,'guardian\'s_horn',1),
	(205,'moleworm',1),
	(206,'monster_lasagna',1),
	(207,'monster_meat',1),
	(208,'monster_jerky',1),
	(209,'mosquito',1),
	(210,'mosquito_sack',1),
	(211,'thulecite_medallion_nightmare',1),
	(212,'thulecite_medallion_warn',1),
	(213,'nitre',1),
	(214,'orange_gem',1),
	(215,'pierogi',1),
	(216,'petals',1),
	(217,'dark_petals',1),
	(218,'gramaphone',1),
	(219,'pig_skin',1),
	(220,'pine_cone',1),
	(221,'leafy_meat',1),
	(222,'cooked_leafy_meat',1),
	(223,'pomegranate',1),
	(224,'sliced_pomegranate',1),
	(225,'pomegranate_seeds',1),
	(226,'manure',1),
	(227,'powdercake',1),
	(228,'pumpkin',1),
	(229,'hot_pumpkin',1),
	(230,'pumpkin_seeds',1),
	(231,'pumpkin_cookie',1),
	(232,'rabbit',1),
	(233,'rabbit_winter',1),
	(234,'ratatouille',1),
	(235,'record1',1),
	(236,'record2',1),
	(237,'record3',1),
	(238,'red_cap',1),
	(239,'cooked_red_cap',1),
	(240,'red_gem',1),
	(241,'redbird',1),
	(242,'snowbird',1),
	(243,'rocks',1),
	(244,'rotten_egg',1),
	(245,'scarecrow',1),
	(246,'seeds',1),
	(247,'toasted_seeds',1),
	(248,'silk',1),
	(249,'skull_wallace',1),
	(250,'skull_waverly',1),
	(251,'skull_webber',2),
	(252,'skull_wendy',1),
	(253,'skull_wes',1),
	(254,'skull_wickerbottom',1),
	(255,'skull_wilbur',1),
	(256,'skull_willow',1),
	(257,'skull_wilson',1),
	(258,'skull_wilton',1),
	(259,'skull_winnie',1),
	(260,'skull_wolfgang',1),
	(261,'skull_woodie',1),
	(262,'skull_wortox',1),
	(263,'skull_wx78',1),
	(264,'slurper',1),
	(265,'slurper_pelt',1),
	(266,'broken_shell',1),
	(267,'shelmet',1),
	(268,'slurtle_slime',1),
	(269,'morsel',1),
	(270,'small_jerky',1),
	(271,'snowball',1),
	(272,'spider_eggs',1),
	(273,'spider_gland',1),
	(274,'spiderhat',1),
	(275,'rot',1),
	(276,'stinger',1),
	(277,'stopwatch',1),
	(278,'stuffed_eggplant',1),
	(279,'sunken_boat_trinket_1',1),
	(280,'sunken_boat_trinket_2',1),
	(281,'sunken_boat_trinket_3',1),
	(282,'sunken_boat_trinket_4',1),
	(283,'sunken_boat_trinket_5',1),
	(284,'taffy',1),
	(285,'tallbird_egg',1),
	(286,'fried_tallbird_egg',1),
	(287,'tallbird_egg_hatching',1),
	(288,'telelocator_focus',1),
	(289,'wooden_thing',1),
	(290,'box_thing',1),
	(291,'box_thing_adv',1),
	(292,'crank_thing',1),
	(293,'crank_thing_adv',1),
	(294,'metal_potato_thing',1),
	(295,'metal_potato_thing_adv',1),
	(296,'ring_thing',1),
	(297,'ring_thing_adv',1),
	(298,'telelocator_staff',1),
	(299,'tentacle_spike',1),
	(300,'tentacle_spots',1),
	(301,'tbeefalo_horns_marsh',1),
	(302,'thulecite_fragments',1),
	(303,'trail_mix',2),
	(304,'melty_marbles',1),
	(305,'melty_marbles0',1),
	(306,'melty_marbles1',1),
	(307,'melty_marbles2',1),
	(308,'fake_kazoo',1),
	(309,'gord\'s_knot',1),
	(310,'gnome',1),
	(311,'tiny_rocketship',1),
	(312,'frazzled_wires',1),
	(313,'ball_and_cup',1),
	(314,'hardened_rubber_bung',1),
	(315,'mismatched_buttons',1),
	(316,'truffle',1),
	(317,'koalefant_trunk_steak',1),
	(318,'koalefant_trunk',1),
	(319,'winter_koalefant_trunk',1),
	(320,'guano_turf',1),
	(321,'deciduous_turf',1),
	(322,'sandy_turf',1),
	(323,'forest_turf',1),
	(324,'blue_fungal_turf',1),
	(325,'green_fungal_turf',1),
	(326,'red_fungal_turf',1),
	(327,'grass_turf',1),
	(328,'marsh_turf',1),
	(329,'mud_turf',1),
	(330,'rocky_turf',1),
	(331,'savanna_turf',1),
	(332,'slimey_turf',1),
	(333,'cave_rock_turf',1),
	(334,'sticky_webbing',1),
	(335,'turkey_dinner',1),
	(336,'twigs',1),
	(337,'unagi',1),
	(338,'waffles',1),
	(339,'walrus_tusk',1),
	(340,'tam_o\'shanter',1),
	(341,'watermelon',2),
	(342,'grilled_watermelon',2),
	(343,'watermelon_seeds',2),
	(344,'melonsicle',2),
	(345,'codex_umbra',1),
	(346,'wet_goop',1),
	(347,'glow_berry',1),
	(348,'yellow_gem',1),
	(349,'cactus_flesh',2),
	(350,'eye_bone_shadow',1),
	(351,'egg',1),
	(352,'abigail\'s_flower2',1),
	(353,'abigail\'s_flower_haunted',1),
	(354,'cooked_egg',1),
	(355,'cooked_batilisk_wing',1),
	(356,'butterfly',1),
	(357,'roasted_birchnut',2),
	(358,'butter',1),
	(359,'eye_bone',1),
	(360,'cooked_cactus_flesh',2),
	(361,'durian_seeds',1),
	(362,'dragonpie',1),
	(363,'extra_smelly_durian',1),
	(364,'cactus_flower',2),
	(365,'corn',1),
	(366,'bone_shards',2),
	(367,'bee',1),
	(368,'clothes',1),
	(369,'eye_bone_snow',1),
	(370,'eye_bone_closed_snow',1),
	(371,'birchnut',2),
	(372,'accomplishment_shrine',1),
	(373,'meaty_stew',1),
	(374,'cooked_blue_cap',1),
	(375,'blueprint',1),
	(376,'blue_cap',1),
	(377,'bucket',1),
	(378,'popcorn',1),
	(379,'cut_grass',1),
	(380,'algae',1),
	(381,'batilisk',1),
	(382,'cave_banana',1),
	(383,'prepared_dragon_fruit',1),
	(384,'roasted_carrot',1),
	(385,'dragon_fruit_seeds',1),
	(386,'carrot',1),
	(387,'cactus',2),
	(388,'thick_fur',2),
	(389,'berry_bush',1),
	(390,'carrot_seeds',1),
	(391,'durian',1),
	(392,'berry_bush2',1),
	(393,'fried_drumstick',1),
	(394,'drumstick',1),
	(395,'sapling',1),
	(396,'jet_feather',1),
	(397,'eggplant',1),
	(398,'grass_tuft',1),
	(399,'cat_tail',2),
	(400,'roasted_berries',1),
	(401,'cooked_morsel',1),
	(402,'snurtle_shell_armour',1),
	(403,'pile_o\'_balloons',1),
	(404,'fire_staff',1),
	(405,'eye_bone_closed_shadow',1),
	(406,'fireflies',1),
	(407,'butterfly_wings',1),
	(408,'batilisk_wing',1),
	(409,'eye_bone_closed',1),
	(410,'butter_muffin',1),
	(411,'crow',1),
	(412,'corn_seeds',1),
	(413,'beard_hair',1),
	(414,'deerclops_eyeball',1),
	(415,'cooked_banana',1),
	(416,'charcoal',1),
	(417,'scales',2),
	(418,'dragon_fruit',1),
	(419,'bacon_and_eggs',1),
	(420,'azure_feather',1),
	(421,'cooked_eel',1),
	(422,'eel',1),
	(423,'beefalo_wool',1),
	(424,'cooked_monster_meat',1),
	(425,'braised_eggplant',1),
	(426,'cooked_meat',1),
	(427,'bag',1),
	(428,'berries',1),
	(429,'old_bell',2),
	(430,'cooked_mandrake',1),
	(431,'beardling',1),
	(432,'eggplant_seeds',1),
	(433,'spiky_bush',1),
	(434,'ashes',1),
	(435,'cut_reeds',1),
	(436,'crimson_feather',1);

/*!40000 ALTER TABLE `items` ENABLE KEYS */;
UNLOCK TABLES;


# Dump of table materials
# ------------------------------------------------------------

DROP TABLE IF EXISTS `materials`;

CREATE TABLE `materials` (
  `id` int(11) unsigned NOT NULL AUTO_INCREMENT,
  `craftableId` int(11) unsigned NOT NULL,
  `quantity` int(11) NOT NULL,
  `material` int(11) unsigned NOT NULL,
  `version` int(11) DEFAULT NULL,
  PRIMARY KEY (`id`),
  KEY `craftableId` (`craftableId`),
  KEY `material` (`material`),
  KEY `version` (`version`),
  CONSTRAINT `materials_ibfk_3` FOREIGN KEY (`version`) REFERENCES `version` (`id`),
  CONSTRAINT `materials_ibfk_1` FOREIGN KEY (`craftableId`) REFERENCES `items` (`id`) ON UPDATE CASCADE,
  CONSTRAINT `materials_ibfk_2` FOREIGN KEY (`material`) REFERENCES `items` (`id`) ON UPDATE CASCADE
) ENGINE=InnoDB DEFAULT CHARSET=latin1;

LOCK TABLES `materials` WRITE;
/*!40000 ALTER TABLE `materials` DISABLE KEYS */;

INSERT INTO `materials` (`id`, `craftableId`, `quantity`, `material`, `version`)
VALUES
	(1,12,2,336,1),
	(2,12,2,379,1),
	(3,10,3,379,1),
	(4,10,2,194,1),
	(5,11,2,194,1),
	(6,11,12,243,1),
	(7,13,3,379,1),
	(8,13,2,213,1),
	(9,14,2,213,1),
	(10,14,4,85,1),
	(11,14,2,50,1),
	(12,16,1,102,1),
	(13,16,1,161,1),
	(14,16,1,406,1),
	(15,15,2,205,1),
	(16,15,2,50,1),
	(17,15,1,347,1),
	(18,77,1,84,1),
	(699,17,1,228,1),
	(700,17,1,406,1),
	(701,18,3,336,1),
	(702,18,2,83,1),
	(703,18,2,189,1),
	(704,69,3,84,1),
	(705,70,1,84,1),
	(706,71,4,379,1),
	(707,71,2,336,1),
	(708,72,2,84,1),
	(709,72,1,83,1),
	(710,73,2,85,1),
	(711,74,4,84,1),
	(712,74,3,85,1),
	(713,74,4,219,1),
	(714,75,4,84,1),
	(715,75,10,386,1),
	(716,75,4,199,1),
	(717,76,2,86,1),
	(718,76,6,161,1),
	(719,76,2,246,1),
	(720,77,1,330,1),
	(3871,78,1,84,1),
	(3872,79,1,200,1),
	(3873,80,1,84,1),
	(3874,80,1,423,1),
	(3875,81,5,150,1),
	(3876,81,1,266,1),
	(3877,82,1,417,1),
	(3878,82,4,84,1),
	(3879,82,10,161,1),
	(4226,37,8,379,1),
	(4227,37,4,226,1),
	(4228,37,4,194,1),
	(4235,38,10,379,1),
	(4236,38,6,226,1),
	(4237,38,4,243,1),
	(5414,43,3,226,1),
	(5415,43,2,366,1),
	(5416,43,4,194,1),
	(5417,39,2,84,1),
	(5418,39,1,174,1),
	(5419,39,4,367,1),
	(5420,40,3,336,1),
	(5421,40,2,416,1),
	(5422,40,3,83,1),
	(5423,41,3,85,1),
	(5424,41,6,416,1),
	(5425,41,6,336,1),
	(5426,42,2,161,1),
	(5427,42,1,155,1),
	(5428,42,1,85,1),
	(5429,20,2,336,1),
	(5430,20,6,379,1),
	(5431,19,3,336,1),
	(5432,19,4,248,1),
	(6082,31,4,336,1),
	(6083,31,2,248,1),
	(6084,31,1,83,1),
	(6085,32,2,336,1),
	(6086,32,2,248,1),
	(6087,33,4,336,1),
	(6088,33,3,379,1),
	(6089,33,6,216,1),
	(6090,30,6,336,1),
	(6091,30,1,219,1),
	(6092,30,2,248,1),
	(6093,26,1,86,1),
	(6094,26,2,173,1),
	(6095,25,2,434,1),
	(6096,25,1,243,1),
	(6097,25,1,273,1),
	(6098,21,1,161,1),
	(6099,21,1,86,1),
	(6100,24,10,243,1),
	(6101,24,1,2,1),
	(6102,24,3,148,1),
	(6103,22,4,379,1),
	(6104,22,4,336,1),
	(6105,23,4,219,1),
	(6357,23,6,248,1),
	(6358,23,2,83,1),
	(6359,27,6,379,1),
	(6360,27,1,83,1),
	(6361,28,1,27,1),
	(6362,28,2,199,1),
	(6363,29,6,248,1),
	(6364,29,4,336,1),
	(6365,29,3,83,1),
	(6366,36,2,248,1),
	(6375,36,4,84,1),
	(6376,36,3,83,1),
	(7137,34,5,162,1),
	(7138,34,2,435,1),
	(7139,34,2,83,1),
	(7140,35,1,388,1),
	(7141,35,3,155,1),
	(7142,35,3,50,1),
	(7143,1,1,336,1),
	(7144,1,1,148,1),
	(7145,7,4,336,1),
	(7146,7,2,161,1),
	(7147,2,2,336,1),
	(7148,2,2,148,1),
	(7149,9,4,336,1),
	(7150,9,2,161,1),
	(7151,3,2,336,1),
	(7152,3,2,148,1),
	(7153,8,4,336,1),
	(7154,8,2,161,1),
	(7155,5,3,336,1),
	(7156,5,3,243,1),
	(7157,5,6,379,1),
	(7158,4,2,336,1),
	(7159,4,2,148,1),
	(7186,6,2,336,1),
	(7187,6,2,148,1),
	(7188,44,1,161,1),
	(7189,44,4,194,1),
	(7190,44,4,243,1),
	(7191,45,4,84,1),
	(7192,45,2,85,1),
	(7193,45,2,50,1),
	(7194,50,2,161,1),
	(7195,50,1,85,1),
	(7196,46,1,336,1),
	(7197,46,4,88,1),
	(7198,46,1,155,1),
	(7199,47,2,84,1),
	(7200,47,2,161,1),
	(7201,48,2,84,1),
	(7202,48,2,161,1),
	(7203,48,2,83,1),
	(7204,49,1,244,1),
	(7205,49,1,416,1),
	(7614,49,1,213,1),
	(7615,191,4,161,1),
	(7616,191,1,85,1),
	(7617,51,2,155,1),
	(7618,51,15,180,1),
	(7619,51,2,50,1),
	(7620,90,4,232,1),
	(7621,90,4,84,1),
	(7622,90,1,110,1),
	(7638,91,3,193,1),
	(7639,91,1,87,1),
	(7640,91,7,88,1),
	(7641,89,4,84,1),
	(7642,89,4,426,1),
	(7643,89,4,413,1),
	(7644,92,5,435,1),
	(7645,92,1,197,1),
	(7646,92,1,83,1),
	(7859,429,1,159,1),
	(7860,429,1,156,1),
	(7861,93,2,161,1),
	(7862,93,4,88,1),
	(7863,93,2,219,1),
	(7864,94,8,161,1),
	(7865,94,2,88,1),
	(7866,94,1,240,1),
	(7867,96,5,88,1),
	(7868,96,3,86,1),
	(7869,95,5,88,1),
	(7870,95,1,193,1),
	(7871,97,5,408,1),
	(7872,97,2,193,1),
	(7873,97,1,87,1),
	(7910,98,6,265,1),
	(7911,98,2,83,1),
	(7912,98,2,88,1),
	(7913,99,3,161,1),
	(7914,99,2,88,1),
	(7915,99,1,240,1),
	(7923,100,3,161,1),
	(8093,100,1,182,1),
	(8094,101,6,161,1),
	(8095,101,4,88,1),
	(8096,101,2,87,1),
	(8571,404,2,88,1),
	(8572,404,1,52,1),
	(8573,404,1,240,1),
	(8574,183,1,52,1),
	(8575,183,1,182,1),
	(9054,298,4,88,1),
	(9055,298,2,193,1),
	(9056,298,2,87,1),
	(9057,288,4,88,1),
	(9058,288,4,193,1),
	(9059,288,8,161,1),
	(9060,83,3,379,1),
	(9061,84,4,194,1),
	(9062,85,3,243,1),
	(9063,86,4,435,1),
	(9064,88,4,217,1),
	(9065,87,1,240,1),
	(9066,87,1,182,1),
	(9067,52,2,336,1),
	(9068,52,1,83,1),
	(9069,52,1,148,1),
	(9070,53,1,219,1),
	(9071,53,2,336,1),
	(9072,53,2,201,1),
	(9073,66,1,192,1),
	(9074,66,2,50,1),
	(9075,66,2,213,1),
	(9076,54,10,379,1),
	(9077,54,2,336,1),
	(9078,55,8,194,1),
	(9079,55,2,83,1),
	(9080,56,12,200,1),
	(9081,56,4,83,1),
	(9082,57,1,219,1),
	(9083,57,1,83,1),
	(9084,58,2,435,1),
	(9085,58,1,276,1),
	(9086,58,1,396,1),
	(9087,59,2,435,1),
	(9088,59,1,416,1),
	(9089,59,1,436,1),
	(9090,60,2,435,1),
	(9091,60,1,179,1),
	(9092,60,1,420,1),
	(9093,61,1,84,1),
	(9094,61,1,248,1),
	(9095,61,1,416,1),
	(9096,62,1,84,1),
	(9097,62,4,367,1),
	(9098,62,1,148,1),
	(9099,63,1,194,1),
	(9100,63,1,83,1),
	(9101,63,1,179,1),
	(9102,65,1,417,1),
	(9103,65,1,55,1),
	(9104,65,3,219,1),
	(9105,64,10,162,1),
	(9106,64,1,192,1),
	(9107,64,1,155,1),
	(9108,115,1,194,1),
	(9109,115,8,248,1),
	(9110,115,2,179,1),
	(9111,103,12,216,1),
	(9112,102,12,379,1),
	(9113,110,6,248,1),
	(9114,117,2,205,1),
	(9115,117,1,102,1),
	(9116,117,1,366,1),
	(9117,104,2,232,1),
	(9118,104,1,336,1),
	(9119,105,8,423,1),
	(9120,105,1,177,1),
	(9121,109,4,423,1),
	(9122,109,4,248,1),
	(9123,116,4,399,1),
	(9124,116,4,248,1),
	(9125,119,1,341,1),
	(9126,119,3,336,1),
	(9127,120,2,50,1),
	(9128,120,4,83,1),
	(9129,120,10,180,1),
	(9130,106,8,248,1),
	(9131,106,1,83,1),
	(9132,107,3,396,1),
	(9133,107,2,436,1),
	(9134,107,2,300,1),
	(9135,108,1,102,1),
	(9136,108,1,83,1),
	(9137,108,1,389,1),
	(9138,118,2,300,1),
	(9139,118,2,83,1),
	(9140,118,2,366,1),
	(9141,111,8,179,1),
	(9142,111,6,248,1),
	(9143,112,1,318,1),
	(9144,112,8,248,1),
	(9145,113,1,319,1),
	(9146,113,8,248,1),
	(9147,113,2,423,1),
	(9148,121,1,83,1),
	(9149,121,3,436,1),
	(9150,121,2,219,1),
	(9151,122,3,86,1),
	(9152,122,3,248,1),
	(9153,122,5,364,1),
	(9154,114,2,161,1),
	(9155,114,1,339,1),
	(9156,114,4,336,1),
	(9157,123,1,388,1),
	(9158,123,1,111,1),
	(9159,123,2,83,1),
	(9160,124,1,414,1),
	(9161,124,15,336,1),
	(9162,124,4,366,1),
	(9163,130,6,302,1),
	(9164,131,1,130,1),
	(9165,132,2,130,1),
	(9166,132,2,88,1),
	(9167,133,2,130,1),
	(9168,133,3,88,1),
	(9169,133,1,214,1),
	(9170,134,2,130,1),
	(9171,134,3,88,1),
	(9172,134,1,348,1),
	(9173,135,2,130,1),
	(9174,135,3,88,1),
	(9175,135,1,165,1),
	(9176,136,2,88,1),
	(9177,136,1,114,1),
	(9178,136,2,214,1),
	(9179,137,4,88,1),
	(9180,137,2,193,1),
	(9181,137,2,348,1),
	(9182,138,4,88,1),
	(9183,138,2,193,1),
	(9184,138,2,165,1),
	(9185,139,1,7,1),
	(9186,139,1,9,1),
	(9187,139,2,130,1),
	(9188,140,4,130,1),
	(9189,140,4,88,1),
	(9190,142,6,130,1),
	(9191,142,4,88,1),
	(9192,141,3,193,1),
	(9193,141,4,130,1),
	(9194,141,4,88,1),
	(9195,143,1,414,1),
	(9196,143,1,204,1),
	(9197,143,5,130,1),
	(9198,125,2,86,1),
	(9229,125,2,351,1),
	(9230,126,2,86,1),
	(9231,126,1,246,1),
	(9232,126,1,226,1),
	(9233,127,2,86,1),
	(9238,127,2,88,1),
	(9239,128,2,86,1),
	(9240,128,1,300,1),
	(9241,129,2,86,1),
	(9242,129,1,240,1),
	(9243,67,2,161,1),
	(9244,67,2,243,1),
	(9245,68,2,336,1),
	(9246,68,2,148,1),
	(9247,68,2,161,1);

/*!40000 ALTER TABLE `materials` ENABLE KEYS */;
UNLOCK TABLES;


# Dump of table tabs
# ------------------------------------------------------------

DROP TABLE IF EXISTS `tabs`;

CREATE TABLE `tabs` (
  `id` int(11) unsigned NOT NULL AUTO_INCREMENT,
  `tabName` varchar(25) NOT NULL DEFAULT '',
  PRIMARY KEY (`id`),
  KEY `tabNameIndex` (`tabName`)
) ENGINE=InnoDB DEFAULT CHARSET=latin1;

LOCK TABLES `tabs` WRITE;
/*!40000 ALTER TABLE `tabs` DISABLE KEYS */;

INSERT INTO `tabs` (`id`, `tabName`)
VALUES
	(12,'Ancient'),
	(11,'Books'),
	(10,'Dress'),
	(6,'Fight'),
	(4,'Food'),
	(2,'Light'),
	(9,'Magic'),
	(8,'Refine'),
	(5,'Science'),
	(7,'Structures'),
	(3,'Survival'),
	(1,'Tools');

/*!40000 ALTER TABLE `tabs` ENABLE KEYS */;
UNLOCK TABLES;


# Dump of table version
# ------------------------------------------------------------

DROP TABLE IF EXISTS `version`;

CREATE TABLE `version` (
  `id` int(11) NOT NULL AUTO_INCREMENT,
  `versionName` varchar(11) DEFAULT NULL,
  PRIMARY KEY (`id`)
) ENGINE=InnoDB DEFAULT CHARSET=latin1;

LOCK TABLES `version` WRITE;
/*!40000 ALTER TABLE `version` DISABLE KEYS */;

INSERT INTO `version` (`id`, `versionName`)
VALUES
	(1,'vanilla'),
	(2,'RoG'),
	(3,'DST'),
	(4,'SW');

/*!40000 ALTER TABLE `version` ENABLE KEYS */;
UNLOCK TABLES;



/*!40111 SET SQL_NOTES=@OLD_SQL_NOTES */;
/*!40101 SET SQL_MODE=@OLD_SQL_MODE */;
/*!40014 SET FOREIGN_KEY_CHECKS=@OLD_FOREIGN_KEY_CHECKS */;
/*!40101 SET CHARACTER_SET_CLIENT=@OLD_CHARACTER_SET_CLIENT */;
/*!40101 SET CHARACTER_SET_RESULTS=@OLD_CHARACTER_SET_RESULTS */;
/*!40101 SET COLLATION_CONNECTION=@OLD_COLLATION_CONNECTION */;
